Jawaban tanpa Punctuation,Manual 1,Manual 2,Manual 3,Rata Manual
christiano ronaldo terlahir dengan nama lengkap cristiano ronaldo dos santos aveiro lahir pada tanggal 5 februari 1985 di funchal adalah seorang pemain sepakbola berkebangsaan portugal saat ini ia bemain di klub real madrid di posisi sayap kiri nomor punggung 28 ,40.0,60.0,50.0,50.0
cristiano ronaldo dos santos aveiro lahir di funchal madeira portugal 5 februari 1985 umur 31 tahun atau lebih dikenal cristiano ronaldo merupakan seorang pemain sepak bola portugal ia dapat berposisi sebagai sayap kiri atau kanan serta penyerang tengah saat ini ia bermain untuk tim spanyol real madrid dan untuk tim nasional portugal sebelum bermain untuk real madrid ia pernah bermain di sporting lisboa dan manchester united pemain yang kerap bernomor punggung 7 di lapangan hijau ini juga akrab dengan sebutan cr7 gabungan dari inisial nama dan nomor punggungnya ,90.0,90.0,90.0,90.0
lahir di portugal sebagai warga negara portugal awal karier pada manchaster united lalu skearang di real madrid dengan nomor punggung 7 ,48.0,60.0,50.0,52.666666666666664
lahir di santo antonio portugal 5 februari 1985 saat ini berada di klub real madrid dan klub sebelumnya adalah manchester united pada saat di mu bernomor punggung 7 dan di real madrid 7 ,72.0,73.0,75.0,73.33333333333333
pemain sepak bola pro ,10.0,5.0,10.0,8.333333333333334
cristiano ronaldo dos santos aveiro oih lahir di funchal madeira portugal 5 februari 1985 umur 31 tahun atau lebih dikenal cristiano ronaldo merupakan seorang pemain sepak bola portugal ia dapat berposisi sebagai sayap kiri atau kanan serta penyerang tengah saat ini ia bermain untuk tim spanyol real madrid dan untuk tim nasional portugal sebelum bermain untuk real madrid ia pernah bermain di sporting lisboa dan manchester united pemain yang kerap bernomor punggung 7 di lapangan hijau ini juga akrab dengan sebutan cr7 klub cristiano ronaldo saat ini ada di real madrid ,85.0,88.0,90.0,87.66666666666667
cristiano ronaldo lahir di portugal 5 februari 1985 berkebangsaan portugal bernomor punggung 7 mengikuti klub manchester united dan real madrid ,70.0,70.0,75.0,71.66666666666667
cristiano ronaldo dos santos aveiro oih lahir di funchal madeira portugal 5 februari 1985 umur 31 tahun atau lebih dikenal cristiano ronaldo merupakan seorang pemain sepak bola portugal ia dapat berposisi sebagai sayap kiri atau kanan serta penyerang tengah saat ini ia bermain untuk tim spanyol real madrid dan untuk tim nasional portugal sebelum bermain untuk real madrid ia pernah bermain di sporting lisboa dan manchester united pemain yang kerap bernomor punggung 7 di lapangan hijau ini juga akrab dengan sebutan cr7 gabungan dari inisial nama dan nomor punggungnya ,75.0,79.0,75.0,76.33333333333333
cristiano ronaldo dos santos aveiro oih atau lebih dikenal cristiano ronaldo merupakan seorang pemain sepak bola portugal ia dapat berposisi sebagai sayap kiri atau kanan serta penyerang tengah lahir 5 februari 1985 santo ant√≥nio portugal anak cristiano ronaldo jr tim saat ini real madrid c f tim nasional sepak bola portugal penghargaan ballon d or sepatu emas eropa lainnya ,40.0,55.0,50.0,48.333333333333336
nama asli  cristiano ronaldo dos santos aveiro tanggal lahir  05 februari 1985 lahir di  funchal madeira portugal zodiac  aquarius terkenal sejak bergabung di klub sporting clube de portugal 1997  2003 ,30.0,55.0,50.0,45.0
cristiano ronaldo bernama asli cristiano ronaldo dos santos aveiro lahir 5 february 1985 di santo antonio portugal klub saat ini adalah real madrid klub sebelumnya adalah manchester united nomor punggung adalah 7 sebutanya adalah cr7 ,50.0,55.0,50.0,51.666666666666664
lahir di madeira berkebangsaan portugal  untuk saat ini pemain di read madrid nomer punggung 7 ,30.0,40.0,50.0,40.0
lahir di madridclub real madrid ,20.0,25.0,25.0,23.333333333333332
sebutan cr merupakan idaman banyak negara ia lahir di negara tetangga indonesia jerman selebihnya belum tau ,25.0,10.0,25.0,20.0
cr7 itulah julukan yang dimiliki oleh christiano ronaldo pemain berkebangsaan portugal ini sekarang bersama dengan tim real madrid ,42.0,40.0,50.0,44.0
cristiano ronaldo yang lahir di portugal berkebangsaan portugal  klub saat ini adalah real madrid  klub sebelumnya adalah mancester united  bernomor punggu 7 dan sebutannya cr7 ,68.0,70.0,75.0,71.0
cristiano ronaldo dos santos aveiro lahir di funchal madeira portugal 5 februari 1985 merupakan seorang pemain sepak bola portugal ia dapat berposisi sebagai sayap kiri saat ini ia bermain untuk tim spanyol real madrid dan untuk tim nasional portugal sebelum bermain untuk real madrid ia pernah bermain di sporting lisboa dan manchester united dia memakai nomor punggung 7  sebelumnya dia memakai nomer punggung 9 ,80.0,85.0,90.0,85.0
cristiano ronaldo lahir di portugal dan saat ini berusia 31 tahun salah satu pemain penting negara portugal klub profesional pertama yang dibela adalah sporting lisbon pernah bergabung dengan manchester united dan menggunakan nomor punggung 7 dikenal,65.0,65.0,75.0,68.33333333333333
lahir di portugal 5 februari 1985 team saat ini real madrid team sebelumnya mu no punggung 7 dan sebutannya cr7 ,20.0,30.0,25.0,25.0
cristiano ronaldo lahir pada 17 mei 1980 lahir di sporting portugal klub saat ini adalah real madrid  dan klub sebelumnya adalah manchester united  dengan nomer punggung 7 kemudian cristioano ronaldo seting dijuluki cr 7 cr seven  ,55.0,60.0,50.0,55.0
pemain bola  lahir di portugal ,20.0,25.0,25.0,23.333333333333332
cristiano ronaldo dos santos aveiro oih lahir di funchal madeira portugal 5 februari 1985 umur 31 tahun atau lebih dikenal cristiano ronaldo merupakan seorang pemain sepak bola portugal ia dapat berposisi sebagai sayap kiri atau kanan serta penyerang tengah saat ini ia bermain untuk tim spanyol real madrid dan untuk tim nasional portugal sebelum bermain untuk real madrid ia pernah bermain di sporting lisboa dan manchester united pemain yang kerap bernomor punggung 7 di lapangan hijau ini juga akrab dengan sebutan cr7 gabungan dari inisial nama dan nomor punggungnya ,80.0,85.0,90.0,85.0
lahir di funchal madeira portugal 5 februari 1985 umur 31 tahun atau lebih dikenal cristiano ronaldo merupakan seorang pemain sepak bola portugal ia dapat berposisi sebagai sayap kiri atau kanan serta penyerang tengah saat ini ia bermain untuk tim spanyol real madrid dan untuk tim nasional portugal sebelum bermain untuk real madrid ia pernah bermain di sporting lisboa dan manchester united pemain yang kerap bernomor punggung 7 di lapangan hijau ini juga akrab dengan sebutan cr7 gabungan dari inisial nama dan nomor punggungnya dia memakai nomor punggung 7 di united yang sebelumnya dikenakan oleh johnny berry george best steve coppell bryan robson eric cantona dan david beckham setelah menghabiskan tahun pertamanya di madrid mengenakan nomor punggung 9 ia mulai mengenakan nomor 7 lagi menyusul kepergian pemain legendaris raul gonzalez segudang prestasi telah berhasil dia raih cristiano ronaldo berhasil meraih gelar fifa ballon dor di bulan januari 2015 lalu yang diadakan di markas fifa zurich swiss gelar fifa ballon dor ini merupakan penghargaan ketiga bagi ronaldo setelah sebelumnya pada tahun 2013 lalu dan 2008 ketika masih berseragam manchester united ,85.0,88.0,90.0,87.66666666666667
cristiano ronaldo lahir 5 februari 1985 kebangsaan portugal klub saat ini real madrid nomor punggung 7 sebutan cr7 ,40.0,50.0,50.0,46.666666666666664
tempat lahir di funchal madeira portugal kebangsaan portugal klub saat ini adalah real madrid klub sebelumnya adalah manchester united nomor punggung 7 sebutannya cr7 ,48.0,50.0,50.0,49.333333333333336
yang saya tahu mengenai cristiano ronaldo tidak banyak yakni beliau adalah atlet pemain sepak bola kebangsaan inggris ,30.0,20.0,25.0,25.0
cristiano ronaldo adalah seorang pemain bola yang lahir di portugal lahir pada tanggal 5 februari 1985 posisi bermain penyerang sayap kiri klub yang di ikuti saat ini real madrid dengan nomor punggung 7 ,67.0,78.0,75.0,73.33333333333333
cristiano ronaldo adalah pemain sepakbola dunia yang lahir tanggal 5 februari 1985 berkebangsaan portugal saat ini di klub real madrid setelah resign dari klub manchester united dengan nomor punggung 7 dengan sebutan cr7 ,70.0,78.0,75.0,74.33333333333333
cristiano ronaldo adalah pemain sepakbola berasal dari tempat yang jauh dari indonesia yang sekarang ada di klub sepak bola baru karena dia keluar dari klub sepakbolanya yang lama dengan nomor punggung yang bergonta ganti seperti nomor ponsel pacar saya dan dia biasanya disebut pemain terganteng tapi masih lebih ganteng saya daripada dia ,10.0,5.0,10.0,8.333333333333334
cr7 lahir di madeira portugal klub saat ini real madrid klub sebelumnya mu sebelum di mu di klub sporting lisbon nomor punggung 7 pernah menggunakan nomor punggung 9 di real madrid sebutan  cr7 ,60.0,70.0,75.0,68.33333333333333
club real madrid manchester united 7 ,30.0,35.0,25.0,30.0
lahir 5 februari di madeira portugal berkebangsaan portugal klub saat ini real madrid klub sebelumnya manchester united nomor punggung 7 sebutannya cr7 ,50.0,50.0,50.0,50.0
cristiano ronaldo merupakan atlet sepakbola asal portugas cristiano ronaldo saat ini membela klub real madrid fc cristiano ronaldo sebelumnya membela klub manchester united cristiano ronaldo menggunakan nomor punggung 7 cristiano ronaldo memiliki sebutan cr7 ,65.0,60.0,75.0,66.66666666666667
cristiano ronaldo berkebangsaan portugal saat ini bermain di real madrid bernomor punggung 7 club sebelumnya adalah manchaster united ,40.0,50.0,50.0,46.666666666666664
cristiano ronaldo dos santos aveiro oih lahir di funchal madeira portugal 5 februari 1985 umur 31 tahun atau lebih dikenal cristiano ronaldo merupakan seorang pemain sepak bola portugal ia dapat berposisi sebagai sayap kiri atau kanan serta penyerang tengah saat ini ia bermain untuk tim spanyol real madrid dan untuk tim nasional portugal sebelum bermain untuk real madrid ia pernah bermain di sporting lisboa dan manchester united pemain yang kerap bernomor punggung 7 di lapangan hijau ini juga akrab dengan sebutan cr7 gabungan dari inisial nama dan nomor punggungnya dia memakai nomor punggung 7 di united ,70.0,78.0,75.0,74.33333333333333
cristiano ronaldo dos santos aveiro oih lahir di funchal madeira portugal 5 februari 1985 umur 31 tahun atau lebih dikenal cristiano ronaldo merupakan seorang pemain sepak bola portugal ia dapat berposisi sebagai sayap kiri atau kanan serta penyerang tengah saat ini ia bermain untuk tim spanyol real madrid dan untuk tim nasional portugal sebelum bermain untuk real madrid ia pernah bermain di sporting lisboa dan manchester united pemain yang kerap bernomor punggung 7 di lapangan hijau ini juga akrab dengan sebutan cr7 gabungan dari inisial nama dan nomor punggungnyadia memakai nomor punggung 7 di united ,70.0,78.0,75.0,74.33333333333333
cristiano ronaldo merupakan bintang real madrid tempat lahir funchal madeira portugal tanggal lahir 5 februari 1985 kebangsaan portugal klub saat ini real madrid klub sebelumnya manchester united nomor punggung 7 sebutan cr agama katolik zodiac aquarius ,55.0,60.0,50.0,55.0
cristiano ronaldo dos santos aveiro oih lahir di funchal madeira portugal 5 februari 1985 umur 31 tahun atau lebih dikenal cristiano ronaldo merupakan seorang pemain sepak bola portugal ia dapat berposisi sebagai sayap kiri atau kanan serta penyerang tengah saat ini ia bermain untuk tim spanyol real madrid dan untuk tim nasional portugal sebelum bermain untuk real madrid ia pernah bermain di sporting lisboa dan manchester united pemain yang kerap bernomor punggung 7 di lapangan hijau ini juga akrab dengan sebutan cr7 gabungan dari inisial nama dan nomor punggungnya dia memakai nomor punggung 7 di united yang sebelumnya dikenakan oleh johnny berry george best steve coppell bryan robson eric cantona dan david beckham setelah menghabiskan tahun pertamanya di madrid mengenakan nomor punggung 9 ia mulai mengenakan nomor 7 lagi menyusul kepergian pemain legendaris raul gonzalez segudang prestasi telah berhasil dia raih cristiano ronaldo berhasil meraih gelar fifa ballon dor di bulan januari 2015 lalu yang diadakan di markas fifa zurich swiss gelar fifa ballon dor ini merupakan penghargaan ketiga bagi ronaldo setelah sebelumnya pada tahun 2013 lalu dan 2008 ketika masih berseragam manchester united ,70.0,78.0,75.0,74.33333333333333
cristiano ronaldo merupakan seorang pemain sepak bolafunchalreal mandridportugal10ronaldo ,35.0,40.0,50.0,41.666666666666664
nama lengkap cristiano ronaldo dos santos aveiro lahir di funchal madeira portugal 5 februari 1985 umur 31 tahun atau lebih dikenal cristiano ronaldo merupakan seorang pemain sepak bola portugal posisi sebagai sayap kiri atau kanan serta penyerang tengah saat ini ia bermain untuk tim spanyol real madrid dan untuk tim nasional portugal sebelum bermain untuk real madrid ia pernah bermain di sporting lisboa dan manchester united pemain yang kerap bernomor punggung 7 di lapangan hijau ini juga akrab dengan sebutan cr7 gabungan dari inisial nama dan nomor punggungnya dia memakai nomor punggung 7 di united yang sebelumnya dikenakan oleh johnny berry george best steve coppell bryan robson eric cantona dan david beckham setelah menghabiskan tahun pertamanya di madrid mengenakan nomor punggung 9 ia mulai mengenakan nomor 7 lagi menyusul kepergian pemain legendaris raul gonzalez segudang prestasi telah berhasil dia raih cristiano ronaldo berhasil meraih gelar fifa ballon dor di bulan januari 2015 lalu yang diadakan di markas fifa zurich swiss gelar fifa ballon dor ini merupakan penghargaan ketiga bagi ronaldo setelah sebelumnya pada tahun 2013 lalu dan 2008 ketika masih berseragam manchester united ,70.0,78.0,75.0,74.33333333333333
cristiano ronaldo lahir di lisbon portugal klub yang saat ini dibela adalah real madrid dan sebelumnya cristiano ronaldo membela klub manchester united nomer yang digunakan adalah tujuh sehingga memiliki sebutan cr seven ,55.0,60.0,75.0,63.333333333333336
cristiano ronaldo lahir di lisbon portugal klub yang saat ini dibela ada real madrid dan sebelum di real madrid cristiano ronaldo membela klub manchester united nomer yang digunakan adalah 7 sehingga memiliki sebutan cr7 ,58.0,40.0,50.0,49.333333333333336
lahir di portugal kebangsaan portugal real madrid manchester united 7 dan cr7 ,40.0,45.0,50.0,45.0
cristiano ronaldo adalah pemain sepakbola berasal dari portugal yang dulu pernah bergabung dengan nankatsu dan merupakan pasangan emas dari tsubasa dan misaki dan berhasil mengalahkan hyuga dari toho dengna skor 500 ronaldo bergabung dangan nankatsu karena dia sadar bahwa bola adalah teman ,20.0,5.0,25.0,16.666666666666668
cristiano ronaldo lahir 5 februari 1985 kebangsaan portugal klub saat ini real madrid klub sebelumnya manchester united no punggung 7 dan sebutannya adalah cr7 ,58.0,60.0,50.0,56.0
ronaldo lahir di madeira portugal pada 05 februari 1985 dan memiliki klub di real madrid dengan nomer punggung 7 dan dikenal sebagai cr7 ,51.0,57.0,50.0,52.666666666666664
nama lengkap  cristiano ronaldo dos santos aveiro tempat tanggal lahir  funchal madeira portugal 5 februari 1985 tinggi badan  186 m 6 ft 1 in posisi bermain  sayap kanan penyerang main di klub  real madrid main di tim nasional  portugal nomor punggung  7 ,60.0,65.0,75.0,66.66666666666667
lahir  5 februari 1985 madera portugal bangsa  portugal  klub  real madri  klub sebelum  manchaster united  nopunggung  7  sebutanya  cr seven ,58.0,65.0,75.0,66.0
cristiano ronaldo lahir portugal 5 februari 1985 kebangsaan portugal klub saat ini real madrid klub sebelumnya manchester united no 7 julukannya cr7 ,60.0,65.0,75.0,66.66666666666667
cristiano ronaldo lahir di lisbon berkebangsaan portugal pernah bermain di sporting lisbon manchester united dan sekarang bermain di real madrid nomer punggung yang biasa digunakan adalah 7 dan sebutannya cr7 ,70.0,65.0,75.0,70.0
anggota klub bola ,5.0,5.0,10.0,6.666666666666667
lahir di portugal kebangsaan portugal real madrid dahulu di manchester united nomor punggung 7 cr7 ,48.0,40.0,50.0,46.0
portugal real madrid manchester united 7 cr7 ,43.0,30.0,50.0,41.0
ronaldo lahir di brazil dan menjadi timnas brazil ,10.0,10.0,10.0,10.0
cristiano ronaldo adalah pemain sepak bola asal portugal yang sekarang membela real madrid yang dahulunya mantan pemain manchester united pemain ini bernomor punggung 7 ,48.0,50.0,50.0,49.333333333333336
